{"ctx-norm-reward": -5.858900724264033e-06, "_timestamp": 1588267319.7855637, "_step": 14, "_runtime": 368.0225567817688, "utterance-reward": -1.98, "graph_0": {"_type": "graph-file", "path": "media/graph/graph_0_summary_1c545d96.graph.json", "sha256": "1c545d969beac91580482585894f6336e62817031da98838aae0cb35c5aaef4b", "size": 3805}}
